SA2_NAME16	medianTotalHouseholdIncome
Braidwood	56316
Karabar	87984
Queanbeyan	72800
Queanbeyan - East	74568
Queanbeyan Region	128856
Queanbeyan West - Jerrabomberra	128908
Bombala	54496
Cooma	52468
Cooma Region	63856
Jindabyne - Berridale	72644
Batemans Bay	47112
Batemans Bay - South	52000
Bega - Tathra	55172
Bega-Eden Hinterland	51064
Broulee - Tomakin	55120
Deua - Wadbilliga	44148
Eden	44252
Eurobodalla Hinterland	52468
Merimbula - Tura Beach	52728
Moruya - Tuross Head	47424
Narooma - Bermagui	44096
Goulburn	60528
Goulburn Region	62712
Yass	76440
Yass Region	107276
Young	50284
Young Region	50180
Avoca Beach - Copacabana	97188
Box Head - MacMasters Beach	73424
Calga - Kulnura	74932
Erina - Green Point	66248
Gosford - Springfield	62244
Kariong	94276
Kincumber - Picketts Valley	57200
Narara	81068
Niagara Park - Lisarow	86580
Point Clare - Koolewong	73164
Saratoga - Davistown	72904
Terrigal - North Avoca	91520
Umina - Booker Bay - Patonga	55744
Wamberal - Forresters Beach	96304
Woy Woy - Blackwall	54080
Wyoming	63908
Bateau Bay - Killarney Vale	64792
Blue Haven - San Remo	65000
Budgewoi - Buff Point - Halekulani	52260
Chittaway Bay - Tumbi Umbi	76232
Gorokan - Kanwal - Charmhaven	54652
Jilliby - Yarramalong	100984
Lake Munmorah - Mannering Park	50804
Ourimbah - Fountaindale	86788
Summerland Point - Gwandalan	61672
The Entrance	51168
Toukley - Norah Head	50492
Tuggerah - Kangy Angy	78832
Warnervale - Wadalba	87256
Wyong	54912
Bathurst	64168
Bathurst - East	77012
Bathurst Region	70512
Oberon	62764
Condobolin	53560
Cowra	48776
Cowra Region	50648
Forbes	55484
Grenfell	47008
Parkes (NSW)	58812
Parkes Region	51012
West Wyalong	57096
Lithgow	47788
Lithgow Region	58396
Mudgee	67340
Mudgee Region - East	40092
Mudgee Region - West	55328
Wollangambe - Wollemi	
Blayney	63804
Orange	55640
Orange - North	82212
Orange Region	77116
Grafton	47892
Grafton Region	49660
Maclean - Yamba - Iluka	45292
Bellingen	54600
Coffs Harbour - North	54236
Coffs Harbour - South	52468
Coramba - Nana Glen - Bucca	67340
Dorrigo	42692
Korora - Emerald Beach	76596
Sawtell - Boambee	56784
Urunga	52156
Woolgoolga - Arrawarra	55068
Bourke - Brewarrina	57668
Cobar	77688
Coonamble	52468
Nyngan - Warren	57200
Walgett - Lightning Ridge	41652
Broken Hill	50180
Far West	50440
Coonabarabran	45708
Dubbo - East	69472
Dubbo - South	69004
Dubbo - West	66560
Dubbo Region	77532
Gilgandra	51792
Narromine	56316
Wellington	48828
Branxton - Greta - Pokolbin	86736
Cessnock	54236
Cessnock Region	73164
Dungog	63752
Kurri Kurri - Abermain	58292
Singleton	84708
Singleton Region	87984
Maitland	74360
Maitland - East	67548
Maitland - North	95836
Maitland - West	71656
Thornton - Millers Forest	90116
Anna Bay	60060
Lemon Tree Passage - Tanilba Bay	50648
Nelson Bay Peninsula	57044
Raymond Terrace	56368
Seaham - Woodville	97812
Tea Gardens - Hawks Nest	46956
Williamtown - Medowie - Karuah	77428
Muswellbrook	69212
Muswellbrook Region	72696
Scone	69160
Scone Region	61412
Dapto - Avondale	63336
Horsley - Kembla Grange	95472
Port Kembla Industrial	
Unanderra - Mount Kembla	78936
Berkeley - Lake Heights - Cringila	54548
Port Kembla - Warrawong	45344
Windang - Primbee	46956
Illawarra Catchment Reserve	
Albion Park - Macquarie Pass	88036
Albion Park Rail	62296
Kiama	69004
Kiama Downs - Minnamurra	92768
Kiama Hinterland - Gerringong	82524
Shellharbour - Flinders	94484
Shellharbour - Oak Flats	67496
Warilla	51428
Balgownie - Fairy Meadow	67600
Corrimal - Tarrawanna - Bellambi	60008
Figtree - Keiraville	76492
Helensburgh	112268
Thirroul - Austinmer - Coalcliff	104520
Woonona - Bulli - Russell Vale	83980
Wollongong - East	64012
Wollongong - West	63076
Bulahdelah - Stroud	51480
Forster	45292
Forster-Tuncurry Region	47892
Tuncurry	39000
Kempsey	46228
Kempsey Region	47476
Macksville - Scotts Head	47736
Nambucca Heads	38740
Nambucca Heads Region	48204
South West Rocks	45292
Lord Howe Island	72644
Laurieton - Bonny Hills	47320
Port Macquarie - East	59904
Port Macquarie - West	49608
Port Macquarie Region	61204
Wauchope	57460
Gloucester	46696
Old Bar - Manning Point - Red Head	54236
Taree	44148
Taree Region	46124
Wingham	47424
Albury - East	77480
Albury - North	58084
Albury - South	63492
Albury Region	64480
Lavington	48568
Hay	56264
Wentworth - Buronga	54704
Wentworth-Balranald Region	59176
Corowa	51896
Corowa Region	54184
Deniliquin	54496
Deniliquin Region	52728
Moama	60164
Tocumwal - Finley - Jerilderie	51584
Armidale	62452
Armidale Region - North	56004
Armidale Region - South	58812
Walcha	54704
Glen Innes	43576
Inverell	50492
Inverell Region - East	44564
Inverell Region - West	46436
Tenterfield	39884
Moree	63024
Moree Region	67236
Narrabri	67184
Narrabri Region	62296
Gunnedah	65364
Gunnedah Region	63492
Quirindi	53664
Tamworth - East	61620
Tamworth - North	64532
Tamworth - West	51324
Tamworth Region	60996
Belmont - Bennetts Green	66612
Belmont South - Blacksmiths	52520
Charlestown - Dudley	72696
Glendale - Cardiff - Hillsborough	75348
Mount Hutton - Windale	50076
Redhead	66612
Swansea - Caves Beach	60788
Valentine - Eleebana	94692
Warners Bay - Boolaroo	68848
Bolton Point - Teralba	59800
Bonnells Bay - Silverwater	64376
Edgeworth - Cameron Park	83512
Morisset - Cooranbong	58084
Toronto - Awaba	62348
Wangi Wangi - Rathmines	67548
West Wallsend - Barnsley - Killingworth	71916
Adamstown - Kotara	80444
Beresfield - Hexham	54184
Hamilton - Broadmeadow	67912
Lambton - New Lambton	76700
Maryland - Fletcher - Minmi	93392
Mayfield - Warabrook	64220
Merewether - The Junction	94380
Newcastle - Cooks Hill	85696
Newcastle Port - Kooragang	68224
Shortland - Jesmond	51584
Stockton - Fullerton Cove	60528
Wallsend - Elermore Vale	61828
Waratah - North Lambton	62140
Wickham - Carrington - Tighes Hill	73424
Ballina	50232
Ballina Region	65208
Bangalow	70356
Brunswick Heads - Ocean Shores	53716
Byron Bay	69108
Evans Head	48828
Lennox Head - Skennars Head	80340
Mullumbimby	51636
Casino	47632
Casino Region	51688
Goonellabah	57200
Kyogle	43992
Lismore	49764
Lismore Region	60736
Kingscliff - Fingal Head	63596
Murwillumbah	50076
Murwillumbah Region	57668
Pottsville	62400
Tweed Heads	50284
Banora Point	57772
Terranora - North Tumblegum	87100
Tweed Heads South	40872
Griffith (NSW)	67756
Griffith Region	68380
Leeton	62244
Narrandera	53300
Tumbarumba	59020
Tumut	55952
Tumut Region	60944
Cootamundra	47840
Gundagai	56524
Junee	58968
Temora	52312
Wagga Wagga - East	74204
Wagga Wagga - North	87516
Wagga Wagga - South	70408
Wagga Wagga - West	57616
Wagga Wagga Region	70096
Berry - Kangaroo Valley	59436
Callala Bay - Currarong	49452
Culburra Beach	48256
Ettrema - Sassafras - Budawang	46800
Huskisson - Vincentia	60892
North Nowra - Bomaderry	59020
Nowra	53664
St Georges Basin - Erowal Bay	46540
Sussex Inlet - Berrara	40352
Tomerong - Wandandian - Woollamia	72956
Ulladulla	47476
Ulladulla Region	49556
Bowral	70772
Hill Top - Colo Vale	81120
Mittagong	65260
Moss Vale - Berrima	64532
Robertson - Fitzroy Falls	76908
Southern Highlands	65572
Baulkham Hills (East)	105456
Baulkham Hills (West) - Bella Vista	127088
Glenhaven	116376
West Pennant Hills	146432
Castle Hill - Central	107952
Castle Hill - East	88140
Castle Hill - North	121888
Castle Hill - South	113100
Castle Hill - West	148148
Cherrybrook	127036
Kellyville	131352
Dural - Kenthurst - Wisemans Ferry	114140
Galston - Laughtondale	100984
Bilpin - Colo - St Albans	69836
Kurrajong Heights - Ebenezer	102024
Pitt Town - McGraths Hill	105508
Rouse Hill - Beaumont Hills	135824
Blacktown (East) - Kings Park	76856
Blacktown (North) - Marayong	75920
Doonside - Woodcroft	90636
Lalor Park - Kings Langley	86424
Seven Hills - Toongabbie	85540
Blacktown (South)	77012
Blacktown (West)	80912
Glenwood	128752
Parklea - Kellyville Ridge	129480
Riverstone - Marsden Park	100204
Acacia Gardens	123708
Quakers Hill	107172
Bidwill - Hebersham - Emerton	55484
Glendenning - Dean Park	93496
Hassall Grove - Plumpton	95992
Lethbridge Park - Tregear	65364
Mount Druitt - Whalan	62400
Prospect Reservoir	
Rooty Hill - Minchinbury	94484
Banksmeadow	
Botany	105456
Mascot - Eastlakes	82992
Pagewood - Hillsdale - Daceyville	69368
Port Botany Industrial	
Sydney Airport	
Marrickville	93964
Petersham - Stanmore	107224
Sydenham - Tempe - St Peters	108784
Darlinghurst	112216
Erskineville - Alexandria	127244
Glebe - Forest Lodge	94328
Newtown - Camperdown - Darlington	98540
Potts Point - Woolloomooloo	96772
Pyrmont - Ultimo	100932
Redfern - Chippendale	81224
Surry Hills	111488
Sydney - Haymarket - The Rocks	101036
Waterloo - Beaconsfield	90844
Bondi - Tamarama - Bronte	124020
Bondi Beach - North Bondi	122356
Bondi Junction - Waverly	111956
Centennial Park	
Double Bay - Bellevue Hill	139620
Dover Heights	119340
Paddington - Moore Park	124592
Rose Bay - Vaucluse - Watsons Bay	150696
Woollahra	132964
Coogee - Clovelly	121784
Malabar - La Perouse - Chifley	91884
Kensington (NSW)	85384
Kingsford	71708
Maroubra - North	107588
Maroubra - South	79508
Maroubra - West	86424
Randwick - North	113464
Randwick - South	111696
Bass Hill - Georges Hall	62244
Chullora	102596
Condell Park	72072
Greenacre - Mount Lewis	61568
Padstow	79872
Panania - Milperra - Picnic Point	91676
Revesby	81536
Yagoona - Birrong	63700
Bankstown - North	58240
Bankstown - South	58500
Belmore - Belfield	65520
Canterbury (South) - Campsie	66820
Kingsgrove (North) - Earlwood	91364
Punchbowl	59956
Roselands	72124
Lakemba	52624
Wiley Park	55848
Hurstville	71708
Mortdale - Penshurst	87256
Narwee - Beverly Hills	73684
Oatley - Hurstville Grove	108628
Peakhurst - Lugarno	90220
Riverwood	52988
South Hurstville - Blakehurst	90376
Arncliffe - Bardwell Valley	90844
Bexley	80444
Kingsgrove (South) - Bardwell Park	85384
Kogarah	87360
Kogarah Bay - Carlton - Allawah	84968
Monterey - Brighton-le-Sands - Kyeemagh	73632
Rockdale - Banksia	85228
Sans Souci - Ramsgate	78208
Concord - Mortlake - Cabarita	111488
Concord West - North Strathfield	96720
Drummoyne - Rodd Point	119600
Five Dock - Abbotsford	108108
Balmain	138996
Leichhardt - Annandale	119652
Lilyfield - Rozelle	135252
Ashfield	85436
Burwood - Croydon	80340
Canterbury (North) - Ashbury	92352
Croydon Park - Enfield	84396
Dulwich Hill - Lewisham	95524
Haberfield - Summer Hill	105040
Homebush	89388
Strathfield	98384
Strathfield South	94068
Chatswood (East) - Artarmon	101400
Chatswood (West) - Lane Cove North	113672
Lane Cove - Greenwich	131664
St Leonards - Naremburn	124748
Willoughby - Castle Cove - Northbridge	148564
Asquith - Mount Colah	113776
Berowra - Brooklyn - Cowan	111956
Normanhurst - Thornleigh - Westleigh	119496
Hornsby - East	84968
Hornsby - West	95056
Waitara - Wahroonga (West)	95784
Gordon - Killara	126256
Lindfield - Roseville	143520
Pymble	156520
St Ives	132184
Turramurra	127868
Wahroonga (East) - Warrawee	146120
Cremorne - Cammeray	124020
Crows Nest - Waverton	122928
Mosman	131144
Neutral Bay - Kirribilli	117780
North Sydney - Lavender Bay	128232
Balgowlah - Clontarf - Seaforth	145756
Manly - Fairlight	129012
Avalon - Palm Beach	112788
Bayview - Elanora Heights	110604
Newport - Bilgola	112684
Warriewood - Mona Vale	107848
Beacon Hill - Narraweena	105612
Cromer	104104
Dee Why - North Curl Curl	93184
Forestville - Killarney Heights	118924
Frenchs Forest - Belrose	124696
Freshwater - Brookvale	117052
Manly Vale - Allambie Heights	113724
Narrabeen - Collaroy	104468
Terrey Hills - Duffys Forest	128908
Camden - Ellis Lane	94328
Elderslie - Harrington Park	110448
Mount Annan - Currans Hill	107952
Bradbury - Wedderburn	70408
Campbelltown - Woodbine	69940
Claymore - Eagle Vale - Raby	84292
Holsworthy Military Area	
Ingleburn - Denham Court	78936
Leumeah - Minto Heights	74412
Macquarie Fields - Glenfield	72956
Minto - St Andrews	77532
Rosemeadow - Glen Alpine	79716
Bargo	82056
Douglas Park - Appin	112840
Picton - Tahmoor - Buxton	84552
The Oaks - Oakdale	100308
Blackheath - Megalong Valley	55848
Blaxland - Warrimoo - Lapstone	102180
Blue Mountains - North	84500
Katoomba - Leura	54392
Lawson - Hazelbrook - Linden	76076
Springwood - Winmalee	90012
Wentworth Falls	64428
Blue Mountains - South	
Cambridge Park	85124
Castlereagh - Cranebrook	102960
Emu Plains - Leonay	96928
Glenmore Park - Regentville	112060
Jamisontown - South Penrith	77740
Kingswood - Werrington	73320
Mulgoa - Luddenham - Orchard Hills	116220
Penrith	59384
Warragamba - Silverdale	101920
Richmond - Clarendon	68484
Windsor - Bligh Park	80288
Yarramundi - Londonderry	99528
Erskine Park	109408
St Clair	96668
Colyton - Oxley Park	72124
St Marys - North St Marys	60892
Homebush Bay - Silverwater	101348
Rookwood Cemetery	
Auburn - Central	65520
Auburn - North	61672
Auburn - South	66924
Berala	68588
Lidcombe	81536
Regents Park	62920
Carlingford	97344
Ermington - Rydalmere	84448
Oatlands - Dundas Valley	80444
Chester Hill - Sefton	60944
Fairfield - East	53404
Granville - Clyde	67860
Greystanes - Pemulwuy	91624
Guildford - South Granville	55744
Guildford West - Merrylands West	62556
Merrylands - Holroyd	68692
Smithfield Industrial	
Yennora Industrial	
North Parramatta	82524
North Rocks	111540
Northmead	95004
Parramatta - Rosehill	86112
Toongabbie - Constitution Hill	84812
Winston Hills	110812
Pendle Hill - Girraween	84344
Wentworthville - Westmead	87360
Epping - North Epping	106652
Pennant Hills - Cheltenham	127400
Eastwood - Denistone	93860
Gladesville - Huntleys Point	103948
Hunters Hill - Woolwich	142376
Macquarie Park - Marsfield	85540
North Ryde - East Ryde	109980
West Ryde - Meadowbank	88816
Putney	127868
Ryde	89492
Ashcroft - Busby - Miller	46332
Austral - Greendale	76544
Cobbitty - Leppington	109512
Badgerys Creek	59540
Cecil Hills	111124
Green Valley	81744
Hinchinbrook	95316
Hoxton Park - Carnes Hill - Horningsea Park	102232
West Hoxton - Middleton Grange	111904
Bonnyrigg Heights - Bonnyrigg	73372
Bossley Park - Abbotsbury	86788
Cabramatta - Lansvale	52000
Cabramatta West - Mount Pritchard	61880
Canley Vale - Canley Heights	60008
Edensor Park	85124
Fairfield	50388
Fairfield - West	62556
Greenfield Park - Prairiewood	74360
Horsley Park - Kemps Creek	102752
Smithfield - Wetherill Park	66144
St Johns Park - Wakeley	75556
Wetherill Park Industrial	58500
Casula	82368
Chipping Norton - Moorebank	95576
Holsworthy - Wattle Grove	110396
Liverpool	56576
Lurnea - Cartwright	50908
Prestons - Edmondson Park	105664
Warwick Farm	51012
Gymea - Grays Point	110604
Miranda - Yowie Bay	85852
Sylvania - Taren Point	89232
Caringbah	81588
Caringbah South	113464
Cronulla - Kurnell - Bundeena	94744
Lilli Pilli - Port Hacking - Dolans Bay	155376
Woolaware - Burraneer	121108
Heathcote - Waterfall	96824
Illawong - Alfords Point	130468
Menai - Lucas Heights - Woronora	121836
Oyster Bay - Como - Jannali	118820
Royal National Park	97500
Sutherland - Kirrawee	87984
Engadine	101972
Loftus - Yarrawarrah	111956
Woronora Heights	143988
Migratory - Offshore - Shipping (NSW)	
No usual address (NSW)	
Alfredton	82420
Ballarat	69004
Ballarat - North	62296
Ballarat - South	49140
Buninyong	84968
Delacombe	66144
Smythes Creek	82316
Wendouree - Miners Rest	49816
Bacchus Marsh Region	71188
Creswick - Clunes	51688
Daylesford	52832
Gordon (Vic.)	69108
Avoca	41132
Beaufort	49764
Golden Plains - North	58448
Maryborough (Vic.)	39988
Maryborough Region	40664
Bendigo	53508
California Gully - Eaglehawk	49452
East Bendigo - Kennington	60008
Flora Hill - Spring Gully	60788
Kangaroo Flat - Golden Square	55120
Maiden Gully	95056
Strathfieldsaye	96252
White Hills - Ascot	72436
Bendigo Region - South	82264
Castlemaine	50180
Castlemaine Region	54236
Heathcote	46540
Kyneton	65988
Woodend	87828
Bendigo Region - North	61724
Loddon	42848
Bannockburn	88920
Golden Plains - South	72800
Winchelsea	70616
Belmont	59384
Corio - Norlane	45032
Geelong	66352
Geelong West - Hamlyn Heights	66300
Grovedale	71552
Highton	87152
Lara	80808
Leopold	70616
Newcomb - Moolap	49712
Newtown (Vic.)	87048
North Geelong - Bell Park	56992
Clifton Springs	60476
Lorne - Anglesea	65624
Ocean Grove - Barwon Heads	82004
Portarlington	46592
Point Lonsdale - Queenscliff	62972
Torquay	91884
Alexandra	48672
Euroa	47528
Kilmore - Broadford	68796
Mansfield (Vic.)	55276
Nagambie	55172
Seymour	50804
Seymour Region	79300
Upper Yarra Valley	38844
Yea	52156
Benalla	47060
Benalla Region	58292
Rutherglen	59436
Wangaratta	53352
Wangaratta Region	62920
Beechworth	60996
Bright - Mount Beauty	54028
Chiltern - Indigo Valley	69732
Myrtleford	49920
Towong	54028
West Wodonga	68380
Wodonga	64740
Yackandandah	75140
Drouin	60840
Mount Baw Baw Region	62816
Trafalgar (Vic.)	63440
Warragul	62972
Alps - East	
Bairnsdale	51220
Bruthen - Omeo	56264
Lake King	
Lakes Entrance	46228
Orbost	39988
Paynesville	47528
Foster	47424
French Island	24804
Korumburra	55900
Leongatha	58656
Phillip Island	49244
Wilsons Promontory	116948
Wonthaggi - Inverloch	47268
Churchill	65780
Moe - Newborough	45344
Morwell	42016
Traralgon	67600
Yallourn North - Glengarry	71240
Alps - West	44200
Longford - Loch Sport	49036
Maffra	58500
Rosedale	68328
Sale	60424
Yarram	46852
Brunswick	89700
Brunswick East	89596
Brunswick West	73632
Coburg	85072
Pascoe Vale South	95680
Alphington - Fairfield	94536
Northcote	96824
Thornbury	79924
Ascot Vale	91364
Essendon - Aberfeldie	93340
Flemington	65780
Moonee Ponds	96772
Carlton	29172
Docklands	97136
East Melbourne	118820
Flemington Racecourse	93184
Kensington (Vic.)	101712
Melbourne	50804
North Melbourne	71708
Parkville	83720
South Yarra - West	104936
Southbank	96564
West Melbourne	
Albert Park	113620
Elwood	98436
Port Melbourne	113880
Port Melbourne Industrial	97448
South Melbourne	97136
St Kilda	84500
St Kilda East	85072
Armadale	104364
Prahran - Windsor	95732
South Yarra - East	91988
Toorak	120276
Abbotsford	104052
Carlton North - Princes Hill	103532
Collingwood	89024
Fitzroy	89180
Fitzroy North	99840
Richmond (Vic.)	104780
Yarra - North	114036
Ashburton (Vic.)	117052
Balwyn	90324
Balwyn North	103792
Camberwell	115024
Glen Iris - East	126776
Hawthorn	94692
Hawthorn East	101400
Kew	114660
Kew East	111904
Surrey Hills (West) - Canterbury	121732
Bulleen	78052
Doncaster	70928
Templestowe	99632
Templestowe Lower	82992
Doncaster East (North)	90636
Doncaster East (South)	68432
Blackburn	88036
Blackburn South	78832
Box Hill	62400
Box Hill North	80288
Burwood	58552
Burwood East	71396
Surrey Hills (East) - Mont Albert	111644
Beaumaris	115076
Brighton (Vic.)	125268
Brighton East	113360
Cheltenham - Highett (West)	89648
Hampton	105612
Sandringham - Black Rock	109772
Bentleigh - McKinnon	95160
Carnegie	76804
Caulfield - North	99944
Caulfield - South	99372
Elsternwick	97604
Hughesdale	87776
Murrumbeena	86112
Ormond - Glen Huntly	80756
Bentleigh East (North)	91676
Bentleigh East (South)	88660
Aspendale Gardens - Waterways	106028
Braeside	46800
Carrum - Patterson Lakes	80444
Chelsea - Bonbeach	71552
Chelsea Heights	78780
Cheltenham - Highett (East)	76232
Edithvale - Aspendale	92924
Mentone	79092
Moorabbin - Heatherton	81588
Moorabbin Airport	
Mordialloc - Parkdale	88452
Malvern - Glen Iris	107900
Malvern East	100724
Bundoora - East	70824
Greensborough	89804
Heidelberg - Rosanna	90012
Heidelberg West	62088
Ivanhoe	100100
Ivanhoe East - Eaglemont	125632
Montmorency - Briar Hill	90012
Viewbank - Yallambie	87568
Watsonia	80340
Kingsbury	71084
Reservoir - East	59176
Reservoir - West	65936
Preston - East	72072
Preston - West	79508
Eltham	110604
Hurstbridge	93548
Kinglake	74568
Panton Hill - St Andrews	97812
Plenty - Yarrambat	113516
Research - North Warrandyte	119340
Wattle Glen - Diamond Creek	107432
Bundoora - North	74464
Bundoora - West	60112
Lalor	57824
Mill Park - North	79456
Mill Park - South	76388
Thomastown	52884
Wallan	85644
Whittlesea	75504
Doreen	94172
Epping - East	72956
Epping - South	62660
Epping - West	83512
Mernda	86268
South Morang (North)	98228
South Morang (South)	82784
Wollert	83824
Airport West	71500
Essendon Airport	
Keilor	79404
Keilor East	73372
Niddrie - Essendon West	90844
Strathmore	107588
Gisborne	97188
Macedon	100464
Riddells Creek	95160
Romsey	82108
Coburg North	78156
Fawkner	56576
Pascoe Vale	80340
Glenroy	65208
Gowanbrae	92508
Hadfield	58708
Sunbury	88816
Sunbury - South	78520
Broadmeadows	47476
Campbellfield - Coolaroo	48204
Gladstone Park - Westmeadows	72072
Greenvale - Bulla	105040
Meadow Heights	54288
Melbourne Airport	117000
Roxburgh Park - Somerton	70616
Tullamarine	62088
Craigieburn - Central	70200
Craigieburn - North	86788
Craigieburn - South	77428
Craigieburn - West	78520
Mickleham - Yuroke	94432
Bayswater	67652
Knoxfield - Scoresby	82628
Lysterfield	121524
Rowville - Central	91676
Rowville - North	99944
Rowville - South	106808
Wantirna	81848
Wantirna South	82004
Boronia	68120
Ferntree Gully (North)	70512
Ferntree Gully (South) - Upper Ferntree Gully	81848
The Basin	89596
Donvale - Park Orchards	101140
Warrandyte - Wonga Park	121316
Bayswater North	78988
Croydon Hills - Warranwood	104936
Ringwood	70720
Ringwood East	82784
Ringwood North	99320
Croydon - East	68328
Croydon - West	72176
Croydon South	82524
Forest Hill	69888
Mitcham (Vic.)	85800
Nunawading	78520
Vermont	86528
Vermont South	86580
Belgrave - Selby	90896
Chirnside Park	89856
Healesville - Yarra Glen	66456
Kilsyth	69836
Lilydale - Coldstream	76232
Monbulk - Silvan	78260
Montrose	88972
Mooroolbark	82888
Mount Dandenong - Olinda	87360
Mount Evelyn	86060
Upwey - Tecoma	91624
Wandin - Seville	83772
Yarra Valley	59384
Beaconsfield - Officer	97500
Bunyip - Garfield	78104
Emerald - Cockatoo	89232
Koo Wee Rup	69420
Pakenham - North	71292
Pakenham - South	72280
Berwick - North	81016
Berwick - South	98852
Doveton	50596
Hallam	67444
Narre Warren North	113464
Endeavour Hills - North	77220
Endeavour Hills - South	76336
Narre Warren - North East	84188
Narre Warren - South West	69940
Cranbourne	65052
Cranbourne East	88920
Cranbourne North	82732
Cranbourne South	96980
Cranbourne West	81328
Hampton Park - Lynbrook	67964
Lynbrook - Lyndhurst	101296
Pearcedale - Tooradin	79872
Narre Warren South (East)	104312
Narre Warren South (West)	86008
Clarinda - Oakleigh South	73684
Clayton South	65364
Dandenong	51688
Dandenong North	61516
Dingley Village	82992
Keysborough	82524
Noble Park North	63076
Springvale	56004
Springvale South	63440
Noble Park - East	58084
Noble Park - West	57304
Ashwood - Chadstone	80808
Clayton	55640
Glen Waverley - East	81328
Glen Waverley - West	80132
Mount Waverley - North	84656
Mount Waverley - South	86060
Mulgrave	81744
Oakleigh - Huntingdale	79040
Wheelers Hill	86840
Ardeer - Albion	55692
Cairnlea	90896
Deer Park - Derrimut	72956
Delahey	67080
Keilor Downs	71708
Kings Park (Vic.)	55848
St Albans - North	51480
St Albans - South	53924
Sunshine	61620
Sunshine North	56888
Sunshine West	59644
Sydenham	79404
Taylors Lakes	96044
Altona	74880
Altona Meadows	71240
Altona North	66248
Newport	107692
Seabrook	87152
Williamstown	104364
Braybrook	64064
Footscray	68328
Maribyrnong	91780
Seddon - Kingsville	96772
West Footscray - Tottenham	75348
Yarraville	106236
Bacchus Marsh	74204
Hillside	97448
Melton	61360
Melton South	69576
Melton West	74152
Rockbank - Mount Cottrell	58188
Taylors Hill	98280
Burnside	73424
Burnside Heights	95732
Caroline Springs	94588
Hoppers Crossing - North	77636
Hoppers Crossing - South	68848
Laverton	82524
Tarneit	89336
Truganina	90688
Werribee - South	68276
Wyndham Vale	78572
Point Cook - East	110812
Point Cook - North	102336
Point Cook - South	109408
Werribee - East	62296
Werribee - West	77792
Carrum Downs	69628
Frankston	57148
Frankston North	54236
Frankston South	84084
Langwarrin	82940
Seaford (Vic.)	62816
Skye - Sandhurst	99528
Dromana	60164
Flinders	89180
Hastings - Somers	61100
Mornington	62556
Mount Eliza	105560
Mount Martha	88764
Point Nepean	56992
Rosebud - McCrae	48360
Somerville	76908
Ararat	51896
Ararat Region	52312
Horsham	57304
Horsham Region	59592
Nhill Region	48256
St Arnaud	43940
Stawell	50596
West Wimmera	50232
Yarriambiack	45812
Irymple	67080
Merbein	54912
Mildura Region	52988
Red Cliffs	56316
Mildura - North	50700
Mildura - South	56524
Buloke	43628
Gannawarra	47996
Kerang	46072
Robinvale	56420
Swan Hill	57096
Swan Hill Region	56732
Echuca	59488
Kyabram	55432
Lockington - Gunbower	62036
Rochester	52104
Rushworth	47476
Cobram	49868
Moira	58760
Numurkah	54496
Yarrawonga	50024
Mooroopna	51792
Shepparton - North	63492
Shepparton - South	59540
Shepparton Region - East	73216
Shepparton Region - West	60476
Glenelg (Vic.)	53456
Hamilton (Vic.)	53820
Portland	54600
Southern Grampians	55536
Camperdown	47892
Colac	54860
Colac Region	59800
Corangamite - North	51688
Corangamite - South	59644
Otway	48672
Moyne - East	62920
Moyne - West	63284
Warrnambool - North	62920
Warrnambool - South	59488
Migratory - Offshore - Shipping (Vic.)	
No usual address (Vic.)	
Alexandra Hills	83200
Belmont - Gumdale	114192
Birkdale	88660
Capalaba	76648
Thorneside	67548
Wellington Point	99476
Cleveland	66300
Ormiston	83044
Redland Bay	91208
Sheldon - Mount Cotton	114920
Thornlands	100672
Victoria Point	72124
Redland Islands	38220
Brisbane Port - Lytton	
Manly - Lota	87932
Manly West	89804
Murarrie	107900
Tingalpa	87880
Wakerley	128128
Wynnum	79144
Wynnum West - Hemmant	75712
Bald Hills	85800
Bridgeman Downs	124124
Carseldine	90584
Everton Park	82420
McDowall	110552
Aspley	79092
Chermside	63284
Chermside West	92820
Geebung	88348
Kedron - Gordon Park	92820
Stafford	77740
Stafford Heights	82992
Wavell Heights	106860
Boondall	82420
Brisbane Airport	117000
Eagle Farm - Pinkenba	88868
Northgate - Virginia	93704
Nudgee - Banyo	94120
Nundah	81588
Bracken Ridge	87568
Brighton (Qld)	83512
Deagon	66456
Sandgate - Shorncliffe	77584
Taigum - Fitzgibbon	73216
Zillmere	63492
Camp Hill	116896
Cannon Hill	96616
Carina	90688
Carina Heights	86580
Carindale	110448
Annerley	82576
Coorparoo	93392
Fairfield - Dutton Park	83096
Greenslopes	86632
Holland Park	100776
Holland Park West	99164
Woolloongabba	78832
Yeronga	94016
Eight Mile Plains	84136
Macgregor (Qld)	71292
Mansfield (Qld)	87672
Mount Gravatt	84812
Rochedale - Burbank	121472
Upper Mount Gravatt	70304
Wishart	88920
Coopers Plains	67860
Moorooka	81068
Robertson	72488
Salisbury - Nathan	83928
Tarragindi	114400
Algester	79352
Calamvale - Stretton	86008
Pallara - Willawong	110552
Parkinson - Drewvale	105352
Rocklea - Acacia Ridge	61204
Kuraby	91728
Runcorn	76960
Sunnybank	69108
Sunnybank Hills	74100
Jindalee - Mount Ommaney	103324
Middle Park - Jamboree Heights	97500
Riverhills	90584
Seventeen Mile Rocks - Sinnamon Park	116324
Westlake	117468
Bellbowrie - Moggill	107640
Brookfield - Kenmore Hills	134108
Chapel Hill	122668
Fig Tree Pocket	157976
Kenmore	106340
Pinjarra Hills - Pullenvale	143988
Chelmer - Graceville	127244
Corinda	95056
Indooroopilly	89128
Sherwood	100724
St Lucia	72020
Taringa	83304
Enoggera	83824
Enoggera Reservoir	46748
Keperra	68224
Mitchelton	97760
Mount Coot-tha	
The Gap	112580
Upper Kedron - Ferny Grove	112268
Brisbane City	92560
Fortitude Valley	82784
Highgate Hill	80340
Kangaroo Point	95212
New Farm	93600
South Brisbane	89596
Spring Hill	85176
West End	96460
Balmoral	120692
Bulimba	128180
East Brisbane	90896
Hawthorne	125736
Morningside - Seven Hills	104468
Norman Park	124072
Albion	94796
Alderley	98540
Ascot	99060
Clayfield	87828
Grange	127244
Hamilton (Qld)	98800
Hendra	119964
Kelvin Grove - Herston	75816
Newmarket	91208
Newstead - Bowen Hills	108940
Wilston	116688
Windsor	95316
Wooloowin - Lutwyche	95160
Ashgrove	118976
Auchenflower	100984
Bardon	132184
Paddington - Milton	113880
Red Hill (Qld)	104572
Toowong	88088
Brinsmead	99216
Clifton Beach - Kewarra Beach	75192
Freshwater - Stratford	82004
Redlynch	97292
Trinity Beach - Smithfield	79872
Yorkeys Knob - Machans Beach	58084
Bentley Park	82888
Cairns City	61152
Earlville - Bayview Heights	65832
Edmonton	69212
Gordonvale - Trinity	73476
Kanimbla - Mooroobool	75764
Lamb Range	
Manoora	46488
Manunda	45864
Mount Sheridan	80808
Westcourt - Bungalow	48932
White Rock	64168
Whitfield - Edge Hill	72696
Woree	50908
Babinda	59332
Innisfail	51220
Johnstone	58240
Tully	55900
Wooroonooran	
Yarrabah	58708
Daintree	55224
Port Douglas	66768
Atherton	53404
Herberton	40924
Kuranda	58500
Malanda - Yungaburra	54808
Mareeba	54132
Balonne	63960
Chinchilla	69264
Goondiwindi	72332
Inglewood - Waggamba	53612
Miles - Wandoan	63960
Roma	78468
Roma Region	62608
Tara	43732
Crows Nest - Rosalie	49712
Jondaryan	63804
Millmerran	58084
Pittsworth	67236
Wambo	65468
Clifton - Greenmount	59332
Southern Downs - East	53404
Southern Downs - West	49868
Stanthorpe	45344
Stanthorpe Region	50440
Warwick	52364
Central Highlands - East	99528
Central Highlands - West	73008
Emerald	97968
Berserker	52832
Bouldercombe	67912
Emu Park	53248
Frenchville - Mount Archer	75452
Glenlee - Rockyview	106496
Gracemere	73944
Lakes Creek	61568
Mount Morgan	39156
Norman Gardens	79300
Park Avenue	57460
Parkhurst - Kawana	71032
Rockhampton - West	62764
Rockhampton City	46384
Rockhampton Region - East	67704
Rockhampton Region - North	63024
Rockhampton Region - West	76284
Shoalwater Bay	35724
The Range - Allenstown	69576
Yeppoon	67236
Banana	73632
Biloela	94640
Agnes Water - Miriam Vale	46904
Boyne Island - Tannum Sands	101244
Callemondah	27300
Clinton - New Auckland	97136
Gladstone	63648
Gladstone Hinterland	91624
Kin Kora - Sun Valley	86424
South Trees	
Telina - Toolooa	98592
West Gladstone	65364
Broadbeach Waters	88400
Burleigh Heads	68796
Burleigh Waters	72748
Mermaid Beach - Broadbeach	70044
Mermaid Waters	69160
Miami	72280
Coolangatta	52936
Currumbin - Tugun	67600
Currumbin Waters	68796
Elanora	73788
Palm Beach	63856
Arundel	73216
Biggera Waters	60112
Coombabah	48932
Labrador	52624
Paradise Point - Hollywell	77688
Runaway Bay	65572
Guanaba - Springbrook	75868
Tamborine - Canungra	73060
Currumbin Valley - Tallebudgera	95472
Mudgeeraba - Bonogin	87412
Reedy Creek - Andrews	94484
Carrara	71916
Highland Park	72540
Nerang - Mount Nathan	66352
Pacific Pines - Gaven	94120
Worongary - Tallai	96096
Coomera	88972
Helensvale	85384
Hope Island	91468
Jacobs Well - Alberton	78416
Ormeau - Yatala	96824
Oxenford - Maudsland	87204
Pimpama	82732
Upper Coomera - Willow Vale	92508
Clear Island Waters	71396
Merrimac	72020
Robina	77116
Varsity Lakes	70876
Ashmore	69368
Molendinar	76336
Parkwood	87672
Southport - North	50492
Southport - South	58448
Benowa	84968
Bundall	85904
Main Beach	79768
Surfers Paradise	59072
Darra - Sumner	70980
Durack	59904
Forest Lake - Doolandella	87516
Inala - Richlands	48308
Oxley (Qld)	94016
Wacol	52052
Boonah	61828
Esk	44668
Lake Manchester - England Creek	
Lockyer Valley - East	60008
Lowood	62504
Rosewood	70460
Brassall	65624
Bundamba	62816
Churchill - Yamanto	80184
Ipswich - Central	61776
Ipswich - East	57928
Ipswich - North	101088
Karalee - Barellan Point	107276
Karana Downs	108888
Leichhardt - One Mile	54496
North Ipswich - Tivoli	57356
Raceview	72280
Ripley	99528
Riverview	48464
Bellbird Park - Brookwater	104832
Camira - Gailes	74204
Carole Park	
Collingwood Park - Redbank	71604
Goodna	61828
New Chum	
Redbank Plains	70980
Springfield	98384
Springfield Lakes	100308
Beaudesert	56576
Beenleigh	52624
Eagleby	49712
Edens Landing - Holmview	75296
Mount Warren Park	68120
Wolffdene - Bahrs Scrub	95836
Boronia Heights - Park Ridge	61048
Browns Plains	70720
Chambers Flat - Logan Reserve	83512
Crestmead	70512
Greenbank Military Camp	
Hillcrest	82628
Marsden	68744
Munruben - Park Ridge South	101036
Regents Park - Heritage Park	86788
Greenbank	105820
Jimboomba	92768
Logan Village	93704
Bethania - Waterford	61672
Cornubia - Carbrook	104988
Loganholme - Tanah Merah	85176
Loganlea	68640
Shailer Park	101244
Waterford West	57096
Daisy Hill	89648
Kingston (Qld.)	55276
Logan Central	44928
Rochedale South - Priestdale	85800
Slacks Creek	59488
Springwood	81692
Underwood	85696
Woodridge	48724
Bowen	55692
Broadsound - Nebo	106652
Clermont	78572
Collinsville	57720
Moranbah	125892
Andergrove - Beaconsfield	74568
East Mackay	69420
Eimeo - Rural View	95628
Eungella Hinterland	116948
Mackay	50752
Mackay Harbour	114608
Mount Pleasant - Glenella	94328
North Mackay	57460
Ooralea - Bakers Creek	93028
Pioneer Valley	83356
Sarina	73112
Seaforth - Calen	68172
Shoal Point - Bucasia	89804
Slade Point	65416
South Mackay	60840
Walkerston - Eton	86372
West Mackay	66040
Airlie - Whitsundays	71864
Cape Conway	
Proserpine	64584
Beachmere - Sandstone Point	54236
Bribie Island	44720
Burpengary - East	106392
Caboolture	55900
Caboolture - South	58864
Elimbah	94432
Morayfield - East	68952
Wamuran	90012
Kilcoy	55900
Woodford - D'Aguilar	68328
Burpengary	75764
Deception Bay	55692
Morayfield	97396
Narangba	97448
Upper Caboolture	96928
Clontarf	62764
Margate - Woody Point	56784
Redcliffe	51116
Rothwell - Kippa-Ring	59124
Scarborough - Newport - Moreton Island	66612
Albany Creek	102128
Cashmere	109720
Dayboro	101452
Eatons Hill	123136
The Hills District	103012
Samford Valley	121732
Dakabin - Kallangur	69056
Murrumba Downs - Griffin	88608
North Lakes - Mango Hill	95680
Bray Park	79872
Lawnton	63440
Petrie	83044
Strathpine - Brendale	65676
Aurukun	51584
Cape York	49972
Croydon - Etheridge	47164
Kowanyama - Pormpuraaw	45708
Northern Peninsula	60216
Tablelands	50908
Torres	95524
Torres Strait Islands	48308
Weipa	129168
Carpentaria	60892
Mount Isa	111332
Mount Isa Region	83824
Northern Highlands	59124
Barcaldine - Blackall	55588
Charleville	57980
Far Central West	60944
Far South West	50908
Longreach	66352
Buderim - North	68432
Buderim - South	81016
Mountain Creek	84448
Sippy Downs	64324
Aroona - Currimundi	65624
Buddina - Minyama	68952
Caloundra - Kings Beach	47788
Caloundra - West	69628
Golden Beach - Pelican Waters	61152
Moffat Beach - Battery Hill	62088
Parrearra - Warana	68900
Wurtulla - Birtinya	74932
Coolum Beach	68848
Marcoola - Mudjimba	66300
Maroochydore - Kuluin	56836
Mooloolaba - Alexandra Headland	65000
Noosa Heads	71500
Noosaville	59124
Sunshine Beach	71292
Tewantin	54080
Peregian Beach - Marcus Beach	70044
Peregian Springs	78104
Beerwah	65520
Caloundra Hinterland	53144
Glass House Mountains	71448
Landsborough	73476
Maroochy Hinterland	58864
Palmwoods	71812
Bli Bli	71968
Diddillibah - Rosemount	68016
Eumundi - Yandina	70616
Nambour	57512
Noosa Hinterland	63128
Cambooya - Wyreema	91052
Darling Heights	60216
Drayton - Harristown	52104
Gatton	54132
Gowrie (Qld)	86164
Highfields	96304
Lockyer Valley - West	72956
Middle Ridge	102128
Newtown (Qld)	53508
North Toowoomba - Harlaxton	55380
Rangeville	74828
Toowoomba - Central	57876
Toowoomba - East	81172
Toowoomba - West	88608
Wilsonton	52936
Ayr	58708
Burdekin	63752
Charters Towers	54080
Dalrymple	55380
Ingham	49400
Ingham Region	57720
Palm Island	58188
Aitkenvale	60944
Annandale	103012
Belgian Gardens - Pallarenda	70096
Bohle Plains	99736
Condon - Rasmussen	62556
Cranbrook	64688
Deeragun	90688
Douglas	93600
Garbutt - West End	53092
Gulliver - Currajong - Vincent	60736
Heatley	56108
Hermit Park - Rosslea	57304
Hyde Park - Pimlico	54756
Kelso	70980
Kirwan - East	61724
Kirwan - West	87880
Magnetic Island	44252
Mount Louisa	89596
Mundingburra	60164
Northern Beaches	65104
Oonoonba	92872
South Townsville - Railway Estate	64376
Townsville - South	74204
Townsville City - North Ward	81900
Wulguru - Roseneath	63388
Ashfield - Kepnock	53404
Bargara - Burnett Heads	57252
Branyan - Kensington	67236
Bundaberg	40664
Bundaberg East - Kalkie	57148
Bundaberg North - Gooburrum	47424
Bundaberg Region - North	53768
Bundaberg Region - South	47008
Millbank - Avoca	50232
Svensson Heights - Norville	47424
Walkervale - Avenell Heights	49868
Gayndah - Mundubbera	48724
Gin Gin	40352
Kingaroy	57148
Kingaroy Region - North	43992
Kingaroy Region - South	61828
Monto - Eidsvold	45552
Nanango	40820
North Burnett	72748
Cooloola	38532
Gympie - North	47684
Gympie - South	55172
Gympie Region	55484
Kilkivan	44616
Booral - River Heads	56108
Craignish - Dundowran Beach	65936
Pialba - Eli Waters	46592
Point Vernon	48048
Torquay - Scarness - Kawungan	43368
Urangan - Wondunna	48360
Burrum - Fraser	43420
Granville	46020
Maryborough (Qld)	44824
Maryborough Region - South	42224
Tinana	60164
Migratory - Offshore - Shipping (Qld)	
No usual address (Qld)	
Adelaide	56836
North Adelaide	88036
Adelaide Hills	82628
Aldgate - Stirling	98696
Hahndorf - Echunga	83044
Lobethal - Woodside	72436
Mount Barker	71396
Mount Barker Region	77532
Nairne	75192
Uraidla - Summertown	94276
Burnside - Wattle Park	89388
Glenside - Beaumont	104260
Toorak Gardens	82264
Athelstone	84968
Paradise - Newton	59748
Rostrevor - Magill	64168
Norwood (SA)	69784
Payneham - Felixstow	59228
St Peters - Marden	77168
Nailsworth - Broadview	79872
Prospect	82836
Walkerville	88556
Goodwood - Millswood	85488
Unley - Parkside	84708
Gawler - North	78728
Gawler - South	57408
Lewiston - Two Wells	76492
Craigmore - Blakeview	71656
Davoren Park	49088
Elizabeth	37232
Elizabeth East	51168
Munno Para West - Angle Vale	70564
One Tree Hill	100412
Smithfield - Elizabeth North	40092
Virginia - Waterloo Corner	49348
Enfield - Blair Athol	54288
Northgate - Oakden - Gilles Plains	67392
Windsor Gardens	63024
Dry Creek - North	
Ingle Farm	57096
Para Hills	63336
Parafield	
Parafield Gardens	59280
Paralowie	63596
Salisbury	46748
Salisbury East	60164
Salisbury North	55692
Mawson Lakes - Globe Derby Park	85852
Pooraka - Cavan	55016
Golden Grove	79196
Greenwith	84344
Highbury - Dernancourt	83616
Hope Valley - Modbury	56212
Modbury Heights	74464
Redwood Park	78260
St Agnes - Ridgehaven	65780
Brighton (SA)	71812
Glenelg (SA)	70148
Edwardstown	58864
Hallett Cove	84344
Marino - Seaview Downs	76752
Mitchell Park	54444
Morphettville	60892
Sheidow Park - Trott Park	85696
Warradale	58916
Belair	98436
Bellevue Heights	71864
Blackwood	92352
Colonel Light Gardens	83200
Mitcham (SA)	92092
Panorama	62972
Aberfoyle Park	79352
Aldinga	56680
Christie Downs	43732
Christies Beach	50336
Clarendon	92612
Coromandel Valley	102180
Flagstaff Hill	90168
Hackham - Onkaparinga Hills	61568
Hackham West - Huntfield Heights	46384
Happy Valley	71344
Happy Valley Reservoir	
Lonsdale	24232
McLaren Vale	68640
Morphett Vale - East	54444
Morphett Vale - West	50024
Reynella	60424
Seaford (SA)	64064
Willunga	73528
Woodcroft	74464
Beverley	65936
Flinders Park	61932
Henley Beach	73736
Hindmarsh - Brompton	65104
Royal Park - Hendon - Albert Park	56992
Seaton - Grange	60164
West Lakes	67496
Woodville - Cheltenham	60164
Dry Creek - South	
Largs Bay - Semaphore	67704
North Haven	60684
Port Adelaide	50700
The Parks	49296
Torrens Island	
Adelaide Airport	
Fulham	65936
Lockleys	65520
Plympton	61620
Richmond (SA)	63336
West Beach	73944
Barossa - Angaston	64688
Light	68328
Lyndoch	76960
Mallala	59540
Nuriootpa	59696
Tanunda	64064
Clare	61932
Gilbert Valley	56316
Goyder	46384
Wakefield - Barunga West	51532
Jamestown	54600
Peterborough - Mount Remarkable	42952
Port Pirie	45500
Port Pirie Region	52520
Kadina	49920
Moonta	44564
Wallaroo	42224
Yorke Peninsula - North	45812
Yorke Peninsula - South	41184
Ceduna	66664
Eyre Peninsula	55900
Kimba - Cleve - Franklin Harbour	57460
Le Hunte - Elliston	54600
Port Lincoln	58500
West Coast (SA)	57044
Western	175448
Whyalla	51428
Whyalla - North	
APY Lands	59800
Coober Pedy	43888
Quorn - Lake Gilles	47840
Outback	52104
Port Augusta	57252
Roxby Downs	128804
Goolwa - Port Elliot	43420
Kangaroo Island	49244
Strathalbyn	58916
Strathalbyn Region	63752
Victor Harbor	43264
Yankalilla	48828
Grant	68224
Kingston - Robe	52260
Millicent	47476
Naracoorte	60684
Naracoorte Region	66716
Penola	58084
Tatiara	60580
Wattle Range	60788
Mount Gambier - East	60476
Mount Gambier - West	52572
Barmera	54080
Berri	46436
Karoonda - Lameroo	54132
Loxton	53300
Loxton Region	56732
Mannum	43732
Murray Bridge	48568
Murray Bridge Region	63596
Renmark	45916
Renmark Region	61516
The Coorong	48412
Waikerie	46384
Migratory - Offshore - Shipping (SA)	
No usual address (SA)	
Augusta	61308
Busselton	62608
Busselton Region	82940
Margaret River	70928
Australind - Leschenault	87828
Capel	72072
College Grove - Carey Park	55744
Collie	60372
Dardanup	84916
Davenport	136500
Eaton - Pelican Point	80860
Harvey	65676
East Bunbury - Glen Iris	63440
Waroona	63336
Dalyellup	96668
Gelorup - Stratham	104988
South Bunbury - Bunbury	69368
Withers - Usher	50232
Bridgetown - Boyup Brook	54288
Donnybrook - Balingup	60060
Manjimup	60268
Pemberton	53716
Dawesville - Bouvard	66716
Falcon - Wannanup	62764
Greenfields	49296
Halls Head - Erskine	66196
Mandurah	44200
Mandurah - East	61048
Mandurah - North	83772
Mandurah - South	51428
Pinjarra	62608
City Beach	152100
Claremont (WA)	100620
Cottesloe	139360
Floreat	159744
Mosman Park - Peppermint Grove	103220
Nedlands - Dalkeith - Crawley	119912
Swanbourne - Mount Claremont	130052
Kings Park (WA)	190632
Mount Hawthorn - Leederville	119548
Mount Lawley - Inglewood	97084
North Perth	108004
Perth City	94536
Subiaco - Shenton Park	104676
Wembley - West Leederville - Glendalough	89076
Bassendean - Eden Hill - Ashfield	78416
Bayswater - Embleton - Bedford	88036
Maylands	75348
Morley	72020
Noranda	80184
Chidlow	84552
Glen Forrest - Darlington	99788
Helena Valley - Koongamia	89076
Malmalling - Reservoir	46748
Mundaring	91156
Swan View - Greenmount - Midvale	68120
Avon Valley National Park	
Ballajura	82576
Beechboro	81276
Bullsbrook	89128
Ellenbrook	94952
Gidgegannup	106704
Hazelmere - Guildford	87048
Lockridge - Kiara	80964
Malaga	
Melaleuca - Lexia	
Middle Swan - Herne Hill	69212
Midland - Guildford	62764
Stratton - Jane Brook	83148
The Vines	106444
Walyunga National Park	
Craigie - Beldon	82524
Currambine - Kinross	105872
Duncraig	111384
Greenwood - Warwick	86424
Heathridge - Connolly	90376
Hillarys	118716
Iluka - Burns Beach	150176
Joondalup - Edgewater	86320
Kingsley	96356
Mullaloo - Kallaroo	104884
Ocean Reef	116740
Padbury	91832
Sorrento - Marmion	116896
Woodvale	112996
Balcatta - Hamersley	73112
Balga - Mirrabooka	58864
Dianella	76232
Herdsman	
Innaloo - Doubleview	94432
Karrinyup - Gwelup - Carine	113880
Nollamara - Westminster	69524
Osborne Park Industrial	
Scarborough	97136
Stirling - Osborne Park	84240
Trigg - North Beach - Watermans Bay	101972
Tuart Hill - Joondanna	73268
Wembley Downs - Churchlands - Woodlands	105456
Yokine - Coolbinia - Menora	77116
Alexander Heights - Koondoola	71760
Butler - Merriwa - Ridgewood	74620
Carramar	98904
Clarkson	83928
Girrawheen	57408
Madeley - Darch - Landsdale	109616
Marangaroo	73788
Mindarie - Quinns Rocks - Jindalee	106964
Neerabup National Park	
Tapping - Ashby - Sinagra	101504
Wanneroo	89232
Alkimos - Eglinton	101504
Carabooda - Pinjar	91676
Two Rocks	66352
Yanchep	78572
Armadale - Wungong - Brookdale	56316
Ashendon - Lesley	
Camillo - Champion Lakes	66456
Forrestdale - Harrisdale - Piara Waters	113152
Kelmscott	65676
Mount Nasura - Mount Richon - Bedfordale	87776
Roleystone	98176
Seville Grove	78416
Belmont - Ascot - Redcliffe	78572
East Victoria Park - Carlisle	84032
Kewdale Commercial	
Perth Airport	
Rivervale - Kewdale - Cloverdale	72436
Victoria Park - Lathlain - Burswood	87308
Bentley - Wilson - St James	60060
Canning Vale - West	112788
Canning Vale Commercial	
Cannington - Queens Park	73580
Parkwood - Ferndale - Lynwood	73944
Riverton - Shelley - Rossmoyne	88036
Welshpool	
Willetton	94536
Beckenham - Kenwick - Langford	67548
Canning Vale - East	107796
Gosnells	60840
Huntingdale - Southern River	98852
Maddington - Orange Grove - Martin	63752
Thornlie	75348
Forrestfield - Wattle Grove	85852
High Wycombe	82420
Kalamunda - Maida Vale - Gooseberry Hill	87308
Lesmurdie - Bickley - Carmel	91832
Byford	96720
Mundijong	103844
Serpentine - Jarrahdale	84032
Como	84084
Manning - Waterford	91208
South Perth - Kensington	101504
Banjup	115024
Bibra Industrial	
Bibra Lake	
Coogee	98956
Coolbellup	71188
Hamilton Hill	60632
Henderson	33748
North Coogee	129220
South Lake - Cockburn Central	79248
Spearwood	68744
Success - Hammond Park	107016
Yangebup	90480
Beeliar - Wattleup	103636
Jandakot	112216
East Fremantle	106652
Fremantle	87308
Fremantle - South	77740
O'Connor (WA)	62348
Bertram - Wellard (West)	94900
Calista	56212
Hope Valley - Postans	100724
Kwinana Industrial	58500
Parmelia - Orelia	59644
Casuarina - Wandi	107900
Applecross - Ardross	110292
Bateman	107692
Bicton - Palmyra	85124
Booragoon	97916
Bull Creek	84552
Leeming	112008
Melville	101504
Murdoch - Kardinya	82992
Willagee	69576
Winthrop	114192
Baldivis	99944
Cooloongup	60112
Port Kennedy	89336
Rockingham	54028
Rockingham Lakes	
Safety Bay - Shoalwater	62712
Singleton - Golden Bay - Secret Harbour	106964
Waikiki	78728
Warnbro	71656
Albany	57564
Albany Region	68848
Bayonet Head - Lower King	71344
Denmark	52676
Gnowangerup	68068
Katanning	62764
Kojonup	63492
Little Grove - Elleker	71968
McKail - Willyung	63284
Plantagenet	53820
Stirling Range National Park	
Chittering	85280
Cunderdin	56836
Dowerin	58396
Gingin - Dandaragan	59852
Merredin	65312
Moora	71188
Mukinbudin	62504
Northam	61256
Toodyay	60684
York - Beverley	52624
Brookton	59072
Kulin	64116
Murray	88036
Narrogin	63128
Wagin	59228
Broome	100828
Derby - West Kimberley	65988
Halls Creek	52988
Kununurra	88556
Roebuck	46124
East Pilbara	63180
Newman	136344
Port Hedland	164164
South Hedland	125788
Ashburton (WA)	127712
Karratha	137436
Roebourne	133120
Esperance	69316
Esperance Region	71864
Carnarvon	66352
Exmouth	72852
Boulder	92144
Kalgoorlie	109096
Kalgoorlie - North	120432
Kalgoorlie Airport	
Kambalda - Coolgardie - Norseman	82472
Leinster - Leonora	69524
Trafalgar (WA)	
Geraldton	54860
Geraldton - East	69680
Geraldton - North	83668
Geraldton - South	92508
Irwin	56420
Meekatharra	60996
Morawa	58864
Northampton - Mullewa - Greenough	56888
Migratory - Offshore - Shipping (WA)	
No usual address (WA)	
Bridgewater - Gagebrook	40716
Brighton - Pontville	69056
Old Beach - Otago	82784
Bellerive - Rosny	62504
Cambridge	92768
Geilston Bay - Risdon	73164
Howrah - Tranmere	76232
Lindisfarne - Rose Bay	69264
Mornington - Warrane	50856
Risdon Vale	48412
Rokeby	50128
South Arm	84084
Austins Ferry - Granton	75816
Berriedale - Chigwell	53872
Claremont (Tas.)	51740
Derwent Park - Lutana	53404
Glenorchy	45344
Montrose - Rosetta	59488
Moonah	52520
New Norfolk	49192
West Moonah	56316
Kingston - Huntingfield	64844
Kingston Beach - Blackmans Bay	75816
Margate - Snug	76752
Mount Wellington	
Taroona - Bonnet Hill	87256
Hobart	71968
Lenah Valley - Mount Stuart	80652
Mount Nelson - Dynnyrne	77792
New Town	62296
Sandy Bay	75868
South Hobart - Fern Tree	74516
West Hobart	79716
Dodges Ferry - Lewisham	56524
Sorell - Richmond	63076
Invermay	40716
Kings Meadows - Punchbowl	53144
Launceston	62556
Legana	67496
Mowbray	40716
Newnham - Mayfield	46800
Newstead	57876
Norwood (Tas.)	64584
Prospect Vale - Blackstone	60476
Ravenswood	38116
Riverside	66404
South Launceston	54704
Summerhill - Prospect	54288
Trevallyn	70616
Waverley - St Leonards	52624
West Launceston	67964
Youngtown - Relbia	64324
Beauty Point - Beaconsfield	42068
Deloraine	45604
Grindelwald - Lanena	58032
Hadspen - Carrick	65624
Westbury	49608
Dilston - Lilydale	64896
George Town	44564
Longford	52780
Northern Midlands	45916
Perth - Evandale	62868
St Helens - Scamander	38792
Flinders and Cape Barren Islands	53092
Scottsdale - Bridport	42744
Central Highlands	42484
Derwent Valley	56056
Southern Midlands	54496
Wilderness - East	129948
Bruny Island - Kettering	55276
Cygnet	47008
Geeveston - Dover	43316
Huonville - Franklin	59228
Forestier - Tasman	40976
Triabunna - Bicheno	44304
Acton - Upper Burnie	41600
Burnie - Ulverstone Region	61152
Burnie - Wivenhoe	46748
Parklands - Camdale	54288
Penguin - Sulphur Creek	56524
Romaine - Havenview	57512
Somerset	47944
Ulverstone	46644
West Ulverstone	46956
Wynyard	46176
Devonport	45968
East Devonport	41808
Latrobe	51636
Miandetta - Don	66716
Port Sorell	58500
Quoiba - Spreyton	67236
Sheffield - Railton	51792
Turners Beach - Forth	64636
King Island	62348
North West	57564
Smithton	54912
Waratah	56264
West Coast (Tas.)	47320
Wilderness - West	
Migratory - Offshore - Shipping (Tas.)	
No usual address (Tas.)	
Darwin Airport	
Darwin City	117728
East Point	142948
Fannie Bay - The Gardens	119028
Larrakeyah	126620
Ludmilla - The Narrows	97500
Parap	124540
Stuart Park	117520
Woolner - Bayview - Winnellie	141596
Alawa	100724
Anula	115128
Berrimah	92924
Brinkin - Nakara	116220
Buffalo Creek	
Charles Darwin	
Coconut Grove	85176
East Arm	
Jingili	118664
Karama	93392
Leanyer	113516
Lyons (NT)	143676
Malak - Marrara	95940
Millner	91676
Moil	111332
Nightcliff	103376
Rapid Creek	102960
Tiwi	104624
Wagaman	101660
Wanguri	119860
Wulagi	118612
Howard Springs	116168
Humpty Doo	124592
Koolpinyah	
Virginia	110344
Weddell	100516
Bakewell	105508
Driver	107744
Durack - Marlow Lagoon	135460
Gray	78988
Moulden	74464
Palmerston - North	131092
Palmerston - South	128544
Rosebery - Bellamack	127608
Woodroffe	98748
Charles	95264
East Side	97760
Flynn (NT)	102388
Larapinta	106080
Mount Johns	108160
Petermann - Simpson	62764
Ross	87620
Sandover - Plenty	53404
Tanami	56316
Yuendumu - Anmatjere	64012
Barkly	59800
Tennant Creek	81640
Alligator	66872
Daly	57772
Thamarrurr	52416
Tiwi Islands	40560
West Arnhem	66664
Anindilyakwa	131404
East Arnhem	70408
Nhulunbuy	123032
Elsey	53352
Gulf	55848
Katherine	94380
Victoria River	56836
Migratory - Offshore - Shipping (NT)	
No usual address (NT)	
Aranda	125528
Belconnen	82524
Bruce	100048
Charnwood	77272
Cook	101608
Dunlop	117104
Evatt	107068
Florey	90740
Flynn (ACT)	118092
Fraser	117832
Giralang	105404
Gooromon	
Hawker	105456
Higgins	90324
Holt	74204
Kaleen	108004
Latham	96668
Lawson	126724
Macgregor (ACT)	107276
Macquarie	89284
McKellar	116844
Melba	101504
Page	78728
Scullin	84864
Spence	103012
Weetangera	140348
Molonglo Corridor	
West Belconnen	
Hume	
Kowen	195000
Canberra East	42224
Canberra Airport	105300
Majura	136500
Amaroo	127712
Bonner	120952
Casey	119704
Crace	129272
Forde	153088
Franklin	109928
Gungahlin	107432
Hall	106860
Harrison	118040
Mitchell	
Ngunnawal	100880
Nicholls	139568
Palmerston	104260
Gungahlin - East	
Gungahlin - West	
Jacka	97084
Kenny	
Moncrieff	110448
Taylor	
Throsby	
Acton	
Ainslie	105404
Braddon	102388
Civic	115544
Dickson	90220
Downer	97136
Hackett	110968
Lyneham	88816
O'Connor (ACT)	110708
Turner	100048
Watson	102024
Black Mountain	
Campbell	123188
Duntroon	130832
Parkes (ACT) - North	
Reid	78156
Russell	
Deakin	134264
Forrest	163540
Griffith (ACT)	112060
Lake Burley Griffin	
Narrabundah	106340
Parkes (ACT) - South	
Red Hill (ACT)	147784
Yarralumla	134108
Barton	122512
Fyshwick	116948
Kingston (ACT)	121056
Banks	111696
Bonython	102284
Calwell	115700
Chisholm	105456
Conder	115752
Fadden	143364
Gilmore	112372
Gordon (ACT)	103480
Gowrie (ACT)	115856
Greenway	87672
Isabella Plains	95732
Kambah	99632
Macarthur	139360
Monash	102856
Mount Taylor	
Oxley (ACT)	109512
Richardson	95680
Theodore	110396
Tuggeranong	116948
Wanniassa	101972
Tuggeranong - West	
Chapman	140244
Duffy	110500
Fisher	100308
Holder	106028
Rivett	93964
Stirling	102076
Waramanga	97500
Weston	108992
Scrivener	
Chifley	95836
Curtin	117260
Farrer	117780
Garran	119444
Hughes	118248
Isaacs	116064
Lyons (ACT)	77376
Mawson	92404
O'Malley	182676
Pearce	105560
Phillip	92144
Torrens	115284
Arboretum	
Coombs	120380
Denman Prospect	
Molonglo	
Molonglo - North	
Wright	120796
ACT - South West	143884
Namadgi	100724
Migratory - Offshore - Shipping (ACT)	
No usual address (ACT)	
Christmas Island	111332
Cocos (Keeling) Islands	96668
Jervis Bay	80184
Norfolk Island	52624
Migratory - Offshore - Shipping (OT)	
No usual address (OT)	
